コード,銘柄名
1305,ｉＦｒｅｅＥＴＦ　ＴＯＰＩＸ（年１回決算型）
1306,ＮＥＸＴ　ＦＵＮＤＳ　ＴＯＰＩＸ連動型上場投信
1308,上場インデックスファンドＴＯＰＩＸ
1309,ＮＥＸＴ　ＦＵＮＤＳ　ＣｈｉｎａＡＭＣ・中国株式・上証５０連動型上場投信
1311,ＮＥＸＴ　ＦＵＮＤＳ　ＴＯＰＩＸ　Ｃｏｒｅ　３０連動型上場投信
1319,ＮＥＸＴ　ＦＵＮＤＳ　日経３００株価指数連動型上場投信
1320,ｉＦｒｅｅＥＴＦ　日経２２５（年１回決算型）
1321,ＮＥＸＴ　ＦＵＮＤＳ　日経２２５連動型上場投信
1322,上場インデックスファンド中国Ａ株（パンダ）Ｅ　Ｆｕｎｄ　ＣＳＩ３００
1324,ＮＥＸＴ　ＦＵＮＤＳ　ロシア株式指数連動型上場投信
1325,ＮＥＸＴ　ＦＵＮＤＳ　ブラジル株式指数・ボベスパ連動型上場投信
1326,ＳＰＤＲゴールド・シェア
1328,ＮＥＸＴ　ＦＵＮＤＳ　金価格連動型上場投信
1329,ｉシェアーズ・コア　日経２２５　ＥＴＦ
1330,上場インデックスファンド２２５
133A,グローバルＸ　超短期米国債　ＥＴＦ
1343,ＮＥＸＴ　ＦＵＮＤＳ　東証ＲＥＩＴ　指数連動型上場投信
1345,上場インデックスファンドＪリート（東証ＲＥＩＴ指数）隔月分配型
1346,ＭＡＸＩＳ　日経２２５上場投信
1348,ＭＡＸＩＳ　トピックス上場投信
1349,ＡＢＦ汎アジア債券インデックス・ファンド
1356,ＴＯＰＩＸベア２倍上場投信
1357,ＮＥＸＴ　ＦＵＮＤＳ　日経平均ダブルインバース・インデックス連動型上場投信
1358,上場インデックスファンド日経レバレッジ指数
1360,日経平均ベア２倍上場投信
1364,ｉシェアーズ　ＪＰＸ日経４００　ＥＴＦ
1365,ｉＦｒｅｅＥＴＦ　日経平均レバレッジ・インデックス
1366,ｉＦｒｅｅＥＴＦ　日経平均ダブルインバース・インデックス
1367,ｉＦｒｅｅＥＴＦ　ＴＯＰＩＸレバレッジ（２倍）指数
1368,ｉＦｒｅｅＥＴＦ　ＴＯＰＩＸダブルインバース（－２倍）指数
1369,Ｏｎｅ　ＥＴＦ　日経２２５
1397,ＳＭＤＡＭ　日経２２５上場投信
1398,ＳＭＤＡＭ　東証ＲＥＩＴ指数上場投信
1399,上場インデックスファンドＭＳＣＩ日本株高配当低ボラティリティ
140A,ｉＦｒｅｅＥＴＦ　米国１０年国債先物インバース
1456,ｉＦｒｅｅＥＴＦ　日経平均インバース・インデックス
1457,ｉＦｒｅｅＥＴＦ　ＴＯＰＩＸインバース（－１倍）指数
1458,楽天ＥＴＦ‐日経レバレッジ指数連動型
1459,楽天ＥＴＦ‐日経ダブルインバース指数連動型
1464,ｉＦｒｅｅＥＴＦ　ＪＰＸ日経４００レバレッジ・インデックス
1465,ｉＦｒｅｅＥＴＦ　ＪＰＸ日経４００インバース・インデックス
1466,ｉＦｒｅｅＥＴＦ　ＪＰＸ日経４００ダブルインバース・インデックス
1469,ＪＰＸ日経４００ベア２倍上場投信（ダブルインバース）
1472,ＮＥＸＴ　ＦＵＮＤＳ　ＪＰＸ日経４００ダブルインバース・インデックス連動型上場投信
1473,Ｏｎｅ　ＥＴＦ　トピックス
1474,Ｏｎｅ　ＥＴＦ　ＪＰＸ日経４００
1475,ｉシェアーズ・コア　ＴＯＰＩＸ　ＥＴＦ
1476,ｉシェアーズ・コア　Ｊリート　ＥＴＦ
1477,ｉシェアーズ　ＭＳＣＩ　日本株最小分散　ＥＴＦ
1478,ｉシェアーズ　ＭＳＣＩ　ジャパン高配当利回り　ＥＴＦ
1479,ｉＦｒｅｅＥＴＦ　ＭＳＣＩ日本株人材設備投資指数
1480,ＮＥＸＴ　ＦＵＮＤＳ　野村企業価値分配指数連動型上場投信
1481,上場インデックスファンド日本経済貢献株
1482,ｉシェアーズ・コア　米国債７－１０年　ＥＴＦ（為替ヘッジあり）
1483,ｉシェアーズ　ＪＰＸ／Ｓ＆Ｐ設備・人材投資　ＥＴＦ
1484,Ｏｎｅ　ＥＴＦ　ＪＰＸ／Ｓ＆Ｐ　設備・人材投資指数
1485,ＭＡＸＩＳ　ＪＡＰＡＮ　設備・人材積極投資企業２００上場投信
1486,上場インデックスファンド米国債券（為替ヘッジなし）
1487,上場インデックスファンド米国債券（為替ヘッジあり）
1488,ｉＦｒｅｅＥＴＦ　東証ＲＥＩＴ指数
1489,ＮＥＸＴ　ＦＵＮＤＳ　日経平均高配当株５０指数連動型上場投信
1490,上場インデックスファンドＭＳＣＩ日本株高配当低ボラティリティ（βヘッジ）
1493,Ｏｎｅ　ＥＴＦ　ＪＰＸ日経中小型
1494,Ｏｎｅ　ＥＴＦ　高配当日本株
1495,上場インデックスファンドアジアリート
1496,ｉシェアーズ　米ドル建て投資適格社債　ＥＴＦ（為替ヘッジあり）
1497,ｉシェアーズ　米ドル建てハイイールド社債　ＥＴＦ（為替ヘッジあり）
1498,Ｏｎｅ　ＥＴＦ　ＥＳＧ
1499,ＭＡＸＩＳ日本株高配当７０マーケットニュートラル上場投信
1540,純金上場信託（現物国内保管型）
1541,純プラチナ上場信託（現物国内保管型）
1542,純銀上場信託（現物国内保管型）
1543,純パラジウム上場信託（現物国内保管型）
1545,ＮＥＸＴ　ＦＵＮＤＳ　ＮＡＳＤＡＱ－１００（為替ヘッジなし）連動型上場投信
1546,ＮＥＸＴ　ＦＵＮＤＳ　ダウ・ジョーンズ工業株３０種平均株価（為替ヘッジなし）連動型上場投信
1547,上場インデックスファンド米国株式（Ｓ＆Ｐ５００）
1550,ＭＡＸＩＳ　海外株式（ＭＳＣＩコクサイ）上場投信
1551,東証スタンダードＴＯＰ２０ＥＴＦ
1554,上場インデックスファンド世界株式（ＭＳＣＩ　ＡＣＷＩ）除く日本
1555,上場インデックスファンド豪州リート（Ｓ＆Ｐ／ＡＳＸ２００　Ａ－ＲＥＩＴ）
1557,ＳＰＤＲ　Ｓ＆Ｐ５００　ＥＴＦ
1559,ＮＥＸＴ　ＦＵＮＤＳ　タイ株式ＳＥＴ５０指数連動型上場投信
1560,ＮＥＸＴ　ＦＵＮＤＳ　ＦＴＳＥブルサ・マレーシアＫＬＣＩ連動型上場投信
1563,東証グロース・コアＥＴＦ
1566,上場インデックスファンド新興国債券
1568,ＴＯＰＩＸブル２倍上場投信
1569,ＴＯＰＩＸベア上場投信
1570,ＮＥＸＴ　ＦＵＮＤＳ　日経平均レバレッジ・インデックス連動型上場投信
1571,ＮＥＸＴ　ＦＵＮＤＳ　日経平均インバース・インデックス連動型上場投信
1572,中国Ｈ株ブル２倍上場投信
1573,中国Ｈ株ベア上場投信
1577,ＮＥＸＴ　ＦＵＮＤＳ　野村日本株高配当７０連動型上場投信
1578,上場インデックスファンド日経２２５（ミニ）
1579,日経平均ブル２倍上場投信
1580,日経平均ベア上場投信
1585,ｉＦｒｅｅＥＴＦ　ＴＯＰＩＸ　Ｅｘ－Ｆｉｎａｎｃｉａｌｓ
1586,上場インデックスファンドＴＯＰＩＸ　Ｅｘ－Ｆｉｎａｎｃｉａｌｓ
1591,ＮＥＸＴ　ＦＵＮＤＳ　ＪＰＸ日経インデックス４００連動型上場投信
1592,上場インデックスファンドＪＰＸ日経インデックス４００
1593,ＭＡＸＩＳ　ＪＰＸ日経インデックス４００上場投信
1595,ＮＺＡＭ　上場投信　東証ＲＥＩＴ指数
1596,ＮＺＡＭ　上場投信　ＴＯＰＩＸ　Ｅｘ－Ｆｉｎａｎｃｉａｌｓ
1597,ＭＡＸＩＳ　Ｊリート上場投信
1599,ｉＦｒｅｅＥＴＦ　ＪＰＸ日経４００
159A,ＮＥＸＴ　ＦＵＮＤＳ　ＪＰＸプライム１５０指数連動型上場投信
1615,ＮＥＸＴ　ＦＵＮＤＳ　東証銀行業株価指数連動型上場投信
1617,ＮＥＸＴ　ＦＵＮＤＳ　食品（ＴＯＰＩＸ－１７）上場投信
1618,ＮＥＸＴ　ＦＵＮＤＳ　エネルギー資源（ＴＯＰＩＸ－１７）上場投信
1619,ＮＥＸＴ　ＦＵＮＤＳ　建設・資材（ＴＯＰＩＸ－１７）上場投信
1620,ＮＥＸＴ　ＦＵＮＤＳ　素材・化学（ＴＯＰＩＸ－１７）上場投信
1621,ＮＥＸＴ　ＦＵＮＤＳ　医薬品（ＴＯＰＩＸ－１７）上場投信
1622,ＮＥＸＴ　ＦＵＮＤＳ　自動車・輸送機（ＴＯＰＩＸ－１７）上場投信
1623,ＮＥＸＴ　ＦＵＮＤＳ　鉄鋼・非鉄（ＴＯＰＩＸ－１７）上場投信
1624,ＮＥＸＴ　ＦＵＮＤＳ　機械（ＴＯＰＩＸ－１７）上場投信
1625,ＮＥＸＴ　ＦＵＮＤＳ　電機・精密（ＴＯＰＩＸ－１７）上場投信
1626,ＮＥＸＴ　ＦＵＮＤＳ　情報通信・サービスその他（ＴＯＰＩＸ－１７）上場投信
1627,ＮＥＸＴ　ＦＵＮＤＳ　電力・ガス（ＴＯＰＩＸ－１７）上場投信
1628,ＮＥＸＴ　ＦＵＮＤＳ　運輸・物流（ＴＯＰＩＸ－１７）上場投信
1629,ＮＥＸＴ　ＦＵＮＤＳ　商社・卸売（ＴＯＰＩＸ－１７）上場投信
162A,ＡＩセレクトメガトレンド　日本株（ネットリターン）ＥＴＮ
1630,ＮＥＸＴ　ＦＵＮＤＳ　小売（ＴＯＰＩＸ－１７）上場投信
1631,ＮＥＸＴ　ＦＵＮＤＳ　銀行（ＴＯＰＩＸ－１７）上場投信
1632,ＮＥＸＴ　ＦＵＮＤＳ　金融（除く銀行）（ＴＯＰＩＸ－１７）上場投信
1633,ＮＥＸＴ　ＦＵＮＤＳ　不動産（ＴＯＰＩＸ－１７）上場投信
163A,半導体フォーカス　日本株（ネットリターン）ＥＴＮ
1651,ｉＦｒｅｅＥＴＦ　ＴＯＰＩＸ高配当４０指数
1652,ｉＦｒｅｅＥＴＦ　ＭＳＣＩ日本株女性活躍指数（ＷＩＮ）
1653,ｉＦｒｅｅＥＴＦ　ＭＳＣＩジャパンＥＳＧセレクト・リーダーズ指数
1654,ｉＦｒｅｅＥＴＦ　ＦＴＳＥ　Ｂｌｏｓｓｏｍ　Ｊａｐａｎ　Ｉｎｄｅｘ
1655,ｉシェアーズ　Ｓ＆Ｐ　５００　米国株　ＥＴＦ
1656,ｉシェアーズ・コア　米国債７－１０年　ＥＴＦ
1657,ｉシェアーズ・コア　ＭＳＣＩ　先進国株（除く日本）ＥＴＦ
1658,ｉシェアーズ・コア　ＭＳＣＩ　新興国株　ＥＴＦ
1659,ｉシェアーズ　米国リート　ＥＴＦ
1660,ＭＡＸＩＳ高利回りＪリート上場投信
1671,ＷＴＩ原油価格連動型上場投信
1672,ＷｉｓｄｏｍＴｒｅｅ　金上場投資信託
1673,ＷｉｓｄｏｍＴｒｅｅ　銀上場投資信託
1674,ＷｉｓｄｏｍＴｒｅｅ　白金上場投資信託
1675,ＷｉｓｄｏｍＴｒｅｅ　パラジウム上場投資信託
1676,ＷｉｓｄｏｍＴｒｅｅ　貴金属バスケット上場投資信託
1677,上場インデックスファンド海外債券（ＦＴＳＥ　ＷＧＢＩ）毎月分配型
1678,ＮＥＸＴ　ＦＵＮＤＳ　インド株式指数・Ｎｉｆｔｙ　５０　連動型上場投信
1679,Ｓｉｍｐｌｅ－Ｘ　ＮＹ　ダウ・ジョーンズ・インデックス上場投信
1680,上場インデックスファンド海外先進国株式（ＭＳＣＩ－ＫＯＫＵＳＡＩ）
1681,上場インデックスファンド海外新興国株式（ＭＳＣＩ　エマージング）
1684,ＷｉｓｄｏｍＴｒｅｅ　ブロード上場投資信託
1685,ＷｉｓｄｏｍＴｒｅｅ　エネルギー上場投資信託
1686,ＷｉｓｄｏｍＴｒｅｅ　産業用金属上場投資信託
1687,ＷｉｓｄｏｍＴｒｅｅ　農産物上場投資信託
1688,ＷｉｓｄｏｍＴｒｅｅ　穀物上場投資信託
1689,ＷｉｓｄｏｍＴｒｅｅ　天然ガス上場投資信託
1690,ＷｉｓｄｏｍＴｒｅｅ　ＷＴＩ　原油上場投資信託
1691,ＷｉｓｄｏｍＴｒｅｅ　ガソリン上場投資信託
1692,ＷｉｓｄｏｍＴｒｅｅ　アルミニウム上場投資信託
1693,ＷｉｓｄｏｍＴｒｅｅ　銅上場投資信託
1694,ＷｉｓｄｏｍＴｒｅｅ　ニッケル上場投資信託
1695,ＷｉｓｄｏｍＴｒｅｅ　小麦上場投資信託
1696,ＷｉｓｄｏｍＴｒｅｅ　とうもろこし上場投資信託
1697,ＷｉｓｄｏｍＴｒｅｅ　大豆上場投資信託
1698,上場インデックスファンド日本高配当（東証配当フォーカス１００）
1699,ＮＥＸＴ　ＦＵＮＤＳ　ＮＯＭＵＲＡ　原油インデックス連動型上場投信
170A,ＳＭＴ　ＥＴＦ日本好配当株アクティブ
178A,グローバルＸ　革新的優良企業　ＥＴＦ
179A,グローバルＸ　超長期米国債　ＥＴＦ（為替ヘッジあり）
180A,グローバルＸ　超長期米国債　ＥＴＦ
181A,ＭＡＸＩＳ米国国債１－３年上場投信（為替ヘッジなし）
182A,ＭＡＸＩＳ米国国債２０年超上場投信（為替ヘッジなし）
183A,ＭＡＸＩＳ米国国債２０年超上場投信（為替ヘッジあり）
188A,グローバルＸ　インド・トップ１０＋　ＥＴＦ
200A,ＮＥＸＴ　ＦＵＮＤＳ　日経半導体株指数連動型上場投信
2011,ＳＭＤＡＭ　Ａｃｔｉｖｅ　ＥＴＦ　日本高配当株式
2012,ｉシェアーズ　米国債０－３ヶ月　ＥＴＦ
2013,ｉシェアーズ　米国高配当株　ＥＴＦ
2014,ｉシェアーズ　米国連続増配株　ＥＴＦ
2015,ｉＦｒｅｅＥＴＦ　米国国債７－１０年（為替ヘッジなし）
2016,ｉＦｒｅｅＥＴＦ　米国国債７－１０年（為替ヘッジあり）
2017,ｉＦｒｅｅＥＴＦ　ＪＰＸプライム１５０
2018,グローバルＸ　ＵＳ　ＲＥＩＴ・トップ２０　ＥＴＦ
2019,グローバルＸ　米国優先証券　ＥＴＦ（隔月分配型）
201A,ｉシェアーズ　Ｎｉｆｔｙ　５０　インド株　ＥＴＦ
2031,ＮＥＸＴ　ＮＯＴＥＳ　香港ハンセン・ダブル・ブル　ＥＴＮ
2032,ＮＥＸＴ　ＮＯＴＥＳ　香港ハンセン・ベア　ＥＴＮ
2033,ＮＥＸＴ　ＮＯＴＥＳ　韓国ＫＯＳＰＩ・ダブル・ブル　ＥＴＮ
2034,ＮＥＸＴ　ＮＯＴＥＳ　韓国ＫＯＳＰＩ・ベア　ＥＴＮ
2036,ＮＥＸＴ　ＮＯＴＥＳ　金先物　ダブル・ブル　ＥＴＮ
2037,ＮＥＸＴ　ＮＯＴＥＳ　金先物　ベア　ＥＴＮ
2038,ＮＥＸＴ　ＮＯＴＥＳ　ドバイ原油先物　ダブル・ブル　ＥＴＮ
2039,ＮＥＸＴ　ＮＯＴＥＳ　ドバイ原油先物　ベア　ＥＴＮ
2040,ＮＥＸＴ　ＮＯＴＥＳ　ＮＹダウ・ダブル・ブル・ドルヘッジ　ＥＴＮ
2041,ＮＥＸＴ　ＮＯＴＥＳ　ＮＹダウ・ベア・ドルヘッジ　ＥＴＮ
2042,ＮＥＸＴ　ＮＯＴＥＳ　東証グロース市場２５０　ＥＴＮ
2043,ＮＥＸＴ　ＮＯＴＥＳ　ＳＴＯＸＸ　アセアン好配当５０（円、ネットリターン）ＥＴＮ
2044,ＮＥＸＴ　ＮＯＴＥＳ　Ｓ＆Ｐ５００　配当貴族（ネットリターン）　ＥＴＮ
2045,ＮＥＸＴ　ＮＯＴＥＳ　Ｓ＆Ｐ　シンガポール　リート（ネットリターン）　ＥＴＮ
2046,ＮＥＸＴ　ＮＯＴＥＳ　インドＮｉｆｔｙ・ダブル・ブル　ＥＴＮ
2047,ＮＥＸＴ　ＮＯＴＥＳ　インドＮｉｆｔｙ・ベア　ＥＴＮ
2048,ＮＥＸＴ　ＮＯＴＥＳ　野村日本株高配当７０（ドルヘッジ、ネットリターン）ＥＴＮ
2050,ＮＥＸＴ　ＮＯＴＥＳ　ニッチトップ　中小型日本株（ネットリターン）ＥＴＮ
2065,ＮＥＸＴ　ＮＯＴＥＳ　日本株配当貴族（ドルヘッジ、ネットリターン）ＥＴＮ
2066,ＮＥＸＴ　ＮＯＴＥＳ　東証ＲＥＩＴ（ドルヘッジ、ネットリターン）ＥＴＮ
2067,ＮＥＸＴ　ＮＯＴＥＳ　野村ＡＩビジネス７０（ネットリターン）ＥＴＮ
2068,ＮＥＸＴ　ＮＯＴＥＳ　高ベータ３０（ネットリターン）ＥＴＮ
2069,ＮＥＸＴ　ＮＯＴＥＳ　低ベータ５０（ネットリターン）ＥＴＮ
2070,スマートＥＳＧ３０女性活躍（ネットリターン）ＥＴＮ
2071,スマートＥＳＧ３０総合（ネットリターン）ＥＴＮ
2072,トップシェアインデックス（ネットリターン）ＥＴＮ
2073,スマートＥＳＧ３０低カーボンリスク（ネットリターン）ＥＴＮ
2080,ＰＢＲ１倍割れ解消推進ＥＴＦ
2081,政策保有解消推進ＥＴＦ
2082,投資家経営者一心同体ＥＴＦ
2083,ＮＥＸＴ　ＦＵＮＤＳ　日本成長株アクティブ上場投信
2084,ＮＥＸＴ　ＦＵＮＤＳ　日本高配当株アクティブ上場投信
2085,ＭＡＸＩＳ高配当日本株アクティブ上場投信
2086,ＮＺＡＭ　上場投信　Ｓ＆Ｐ５００（為替ヘッジあり）
2087,ＮＺＡＭ　上場投信　ＮＡＳＤＡＱ１００（為替ヘッジあり）
2088,ＮＺＡＭ　上場投信　ＮＹダウ３０（為替ヘッジあり）
2089,ＮＺＡＭ　上場投信　ＤＡＸ（為替ヘッジあり）
2090,ＮＺＡＭ　上場投信　米国国債７－１０年（為替ヘッジあり）
2091,ＮＺＡＭ　上場投信　ドイツ国債７－１０年（為替ヘッジあり）
2092,ＮＺＡＭ　上場投信　フランス国債７－１０年（為替ヘッジあり）
2093,上場Ｔｒａｃｅｒｓ　米国債０－２年ラダー（為替ヘッジなし）
2094,東証ＲＥＩＴインバースＥＴＦ
2095,グローバルＸ　Ｓ＆Ｐ５００配当貴族　ＥＴＦ（為替ヘッジあり）
2096,グローバルＸ　オフィス・Ｊ－ＲＥＩＴ　ＥＴＦ
2097,グローバルＸ　レジデンシャル・Ｊ－ＲＥＩＴ　ＥＴＦ
2098,グローバルＸ　ホテル＆リテール・Ｊ－ＲＥＩＴ　ＥＴＦ
210A,ｉＦｒｅｅＥＴＦ　日経高利回りＲＥＩＴ指数
213A,上場インデックスファンド日経半導体株
221A,ＭＡＸＩＳ日経半導体株上場投信
2235,上場インデックスファンド米国株式（ダウ平均）為替ヘッジなし
2236,グローバルＸ　Ｓ＆Ｐ５００配当貴族ＥＴＦ
2237,ｉＦｒｅｅＥＴＦ　Ｓ＆Ｐ５００レバレッジ
2238,ｉＦｒｅｅＥＴＦ　Ｓ＆Ｐ５００インバース
2239,上場インデックスファンドＳ＆Ｐ５００先物レバレッジ２倍
223A,グローバルＸ　ＡＩ＆ビッグデータ　ＥＴＦ
2240,上場インデックスファンドＳ＆Ｐ５００先物インバース
2241,ＭＡＸＩＳ　ＮＹダウ上場投信
2242,ＭＡＸＩＳ　ＮＹダウ上場投信（為替ヘッジあり）
2243,グローバルＸ　半導体　ＥＴＦ
2244,グローバルＸ　ＵＳ　テック・トップ２０　ＥＴＦ
2245,ＮＥＸＴ　ＦＵＮＤＳ　ブルームバーグ・ドイツ国債（７－１０年）インデックス（為替ヘッジあり）連動型上場投信
2246,ＮＥＸＴ　ＦＵＮＤＳ　ブルームバーグ・フランス国債（７－１０年）インデックス（為替ヘッジあり）連動型上場投信
2247,ｉＦｒｅｅＥＴＦ　Ｓ＆Ｐ５００（為替ヘッジなし）
2248,ｉＦｒｅｅＥＴＦ　Ｓ＆Ｐ５００（為替ヘッジあり）
2249,ｉＦｒｅｅＥＴＦ　Ｓ＆Ｐ５００ダブルインバース
224A,グローバルＸ　ウラニウムビジネス　ＥＴＦ
2250,ｉシェアーズ　ＭＳＣＩ　ジャパン気候変動アクション　ＥＴＦ
2251,ＮＥＸＴ　ＦＵＮＤＳ　ＪＰＸ国債先物ダブルインバース指数連動型上場投信
2252,グローバルＸ　Ｍｏｒｎｉｎｇｓｔａｒ　米国中小型　Ｍｏａｔ　ＥＴＦ
2253,グローバルＸ　スーパーディビィデンド－ＵＳ　ＥＴＦ
2254,グローバルＸ　チャイナＥＶ＆バッテリー　ＥＴＦ
2255,ｉシェアーズ　米国債２０年超　ＥＴＦ
2256,ｉシェアーズ　米国総合債券　ＥＴＦ
2257,ｉシェアーズ　米ドル建て投資適格社債　ＥＴＦ
2258,ｉシェアーズ　米ドル建てハイイールド社債　ＥＴＦ
2259,ｉシェアーズ　フランス国債７－１０年　ＥＴＦ（為替ヘッジあり）
233A,ｉＦｒｅｅＥＴＦ　インドＮｉｆｔｙ５０
234A,グローバルＸ　ＭＳＣＩ　キャッシュフローキング－日本株式　ＥＴＦ
235A,グローバルＸ　高配当３０－日本株式　ＥＴＦ
236A,ｉシェアーズ　日本国債７－１０年　ＥＴＦ
237A,ｉシェアーズ　米国債２５年超　ロングデュレーション　ＥＴＦ
238A,ｉシェアーズ　米国債２５年超　ロングデュレーション　ＥＴＦ（為替ヘッジあり）
2510,ＮＥＸＴ　ＦＵＮＤＳ　国内債券・ＮＯＭＵＲＡ－ＢＰＩ総合連動型上場投信
2511,ＮＥＸＴ　ＦＵＮＤＳ　外国債券・ＦＴＳＥ世界国債インデックス（除く日本・為替ヘッジなし）連動型上場投信
2512,ＮＥＸＴ　ＦＵＮＤＳ　外国債券・ＦＴＳＥ世界国債インデックス（除く日本・為替ヘッジあり）連動型上場投信
2513,ＮＥＸＴ　ＦＵＮＤＳ　外国株式・ＭＳＣＩ－ＫＯＫＵＳＡＩ指数（為替ヘッジなし）連動型上場投信
2514,ＮＥＸＴ　ＦＵＮＤＳ　外国株式・ＭＳＣＩ－ＫＯＫＵＳＡＩ指数（為替ヘッジあり）連動型上場投信
2515,ＮＥＸＴ　ＦＵＮＤＳ　外国ＲＥＩＴ・Ｓ＆Ｐ先進国ＲＥＩＴ指数（除く日本・為替ヘッジなし）連動型上場投信
2516,東証グロース２５０ＥＴＦ
2517,ＭＡＸＩＳ　Ｊリート・コア上場投信
2518,ＮＥＸＴ　ＦＵＮＤＳ　ＭＳＣＩ日本株女性活躍指数（セレクト）連動型上場投信
2519,ＮＥＸＴ　ＦＵＮＤＳ　新興国債券・Ｊ．Ｐ．モルガン・エマージング・マーケット・ボンド・インデックス・プラス（為替ヘッジなし）連動型上場投信
2520,ＮＥＸＴ　ＦＵＮＤＳ　新興国株式・ＭＳＣＩエマージング・マーケット・インデックス（為替ヘッジなし）連動型上場投信
2521,上場インデックスファンド米国株式（Ｓ＆Ｐ５００）為替ヘッジあり
2522,ｉシェアーズ　オートメーション　＆　ロボット　ＥＴＦ
2523,ＭＡＸＩＳトピックス（除く金融）上場投信
2524,ＮＺＡＭ　上場投信　ＴＯＰＩＸ
2525,ＮＺＡＭ　上場投信　日経２２５
2526,ＮＺＡＭ　上場投信　ＪＰＸ日経４００
2527,ＮＺＡＭ　上場投信　東証ＲＥＩＴ　Ｃｏｒｅ指数
2528,ｉＦｒｅｅＥＴＦ　東証ＲＥＩＴ　Ｃｏｒｅ指数
2529,ＮＥＸＴ　ＦＵＮＤＳ　野村株主還元７０連動型上場投信
2530,ＭＡＸＩＳ　ＨｕａＡｎ中国株式（上海１８０Ａ株）上場投信
2552,上場インデックスファンドＪリート（東証ＲＥＩＴ指数）隔月分配型（ミニ）
2553,Ｏｎｅ　ＥＴＦ　南方　中国Ａ株　ＣＳＩ５００
2554,ＮＥＸＴ　ＦＵＮＤＳ　ブルームバーグ米国投資適格社債（１－１０年）インデックス（為替ヘッジあり）連動型上場投信
2555,東証ＲＥＩＴ　ＥＴＦ
2556,Ｏｎｅ　ＥＴＦ　東証ＲＥＩＴ指数
2557,ＳＭＤＡＭ　トピックス上場投信
2558,ＭＡＸＩＳ米国株式（Ｓ＆Ｐ５００）上場投信
2559,ＭＡＸＩＳ全世界株式（オール・カントリー）上場投信
2560,ＭＡＸＩＳカーボン・エフィシェント日本株上場投信
2561,ｉシェアーズ・コア　日本国債　ＥＴＦ
2562,上場インデックスファンド米国株式（ダウ平均）為替ヘッジあり
2563,ｉシェアーズ　Ｓ＆Ｐ　５００　米国株　ＥＴＦ（為替ヘッジあり）
2564,グローバルＸ　ＭＳＣＩスーパーディビィデンド－日本株式　ＥＴＦ
2565,グローバルＸ　ロジスティクス・Ｊ－ＲＥＩＴ　ＥＴＦ
2566,上場インデックスファンド日経ＥＳＧリート
2567,ＮＺＡＭ　上場投信　Ｓ＆Ｐ／ＪＰＸカーボン・エフィシェント指数
2568,上場インデックスファンド米国株式（ＮＡＳＤＡＱ１００）為替ヘッジなし
2569,上場インデックスファンド米国株式（ＮＡＳＤＡＱ１００）為替ヘッジあり
2620,ｉシェアーズ　米国債１－３年　ＥＴＦ
2621,ｉシェアーズ　米国債２０年超　ＥＴＦ（為替ヘッジあり）
2622,ｉシェアーズ　米ドル建て新興国債券　ＥＴＦ（為替ヘッジあり）
2623,ｉシェアーズ　ユーロ建て投資適格社債　ＥＴＦ（為替ヘッジあり）
2624,ｉＦｒｅｅＥＴＦ　日経２２５（年４回決算型）
2625,ｉＦｒｅｅＥＴＦ　ＴＯＰＩＸ（年４回決算型）
2626,グローバルＸ　デジタル・イノベーション－日本株式　ＥＴＦ
2627,グローバルＸ　ｅコマース－日本株式　ＥＴＦ
2628,ｉＦｒｅｅＥＴＦ　中国科創板５０（ＳＴＡＲ５０）
2629,ｉＦｒｅｅＥＴＦ　中国グレーターベイエリア・イノベーション１００（ＧＢＡ１００）
2630,ＭＡＸＩＳ米国株式（Ｓ＆Ｐ５００）上場投信（為替ヘッジあり）
2631,ＭＡＸＩＳナスダック１００上場投信
2632,ＭＡＸＩＳナスダック１００上場投信（為替ヘッジあり）
2633,ＮＥＸＴ　ＦＵＮＤＳ　Ｓ＆Ｐ　５００　指数（為替ヘッジなし）連動型上場投信
2634,ＮＥＸＴ　ＦＵＮＤＳ　Ｓ＆Ｐ　５００　指数（為替ヘッジあり）連動型上場投信
2635,ＮＥＸＴ　ＦＵＮＤＳ　Ｓ＆Ｐ　５００　ＥＳＧ指数連動型上場投信
2636,グローバルＸ　ＭＳＣＩ　ガバナンス・クオリティ－日本株式　ＥＴＦ
2637,グローバルＸ　クリーンテック－日本株式　ＥＴＦ
2638,グローバルＸ　ロボティクス＆ＡＩ－日本株式　ＥＴＦ
2639,グローバルＸ　バイオ＆メドテック－日本株式　ＥＴＦ
2640,グローバルＸ　ゲーム＆アニメ－日本株式　ＥＴＦ
2641,グローバルＸ　グローバルリーダーズ－日本株式　ＥＴＦ
2642,ＳＭＴ　ＥＴＦカーボン・エフィシェント日本株
2643,ＮＥＸＴ　ＦＵＮＤＳ　ＭＳＣＩジャパンカントリーＥＳＧリーダーズ指数連動型上場投信
2644,グローバルＸ　半導体関連－日本株式　ＥＴＦ
2645,グローバルＸ　レジャー＆エンターテインメント－日本株式　ＥＴＦ
2646,グローバルＸ　メタルビジネス－日本株式　ＥＴＦ
2647,ＮＥＸＴ　ＦＵＮＤＳ　ブルームバーグ米国国債（７－１０年）インデックス（為替ヘッジなし）連動型上場投信
2648,ＮＥＸＴ　ＦＵＮＤＳ　ブルームバーグ米国国債（７－１０年）インデックス（為替ヘッジあり）連動型上場投信
2649,ｉシェアーズ　米国政府系機関ジニーメイＭＢＳ　ＥＴＦ（為替ヘッジあり）
2836,グローバルＸ　フィンテック－日本株式　ＥＴＦ
2837,グローバルＸ　中小型リーダーズ－日本株式　ＥＴＦ
2838,ＭＡＸＩＳ米国国債７－１０年上場投信（為替ヘッジなし）
2839,ＭＡＸＩＳ米国国債７－１０年上場投信（為替ヘッジあり）
2840,ｉＦｒｅｅＥＴＦ　ＮＡＳＤＡＱ１００（為替ヘッジなし）
2841,ｉＦｒｅｅＥＴＦ　ＮＡＳＤＡＱ１００（為替ヘッジあり）
2842,ｉＦｒｅｅＥＴＦ　ＮＡＳＤＡＱ１００インバース
2843,上場インデックスファンド豪州国債（為替ヘッジあり）
2844,上場インデックスファンド豪州国債（為替ヘッジなし）
2845,ＮＥＸＴ　ＦＵＮＤＳ　ＮＡＳＤＡＱ－１００（為替ヘッジあり）連動型上場投信
2846,ＮＥＸＴ　ＦＵＮＤＳ　ダウ・ジョーンズ工業株３０種平均株価（為替ヘッジあり）連動型上場投信
2847,グローバルＸ　新成長インフラ－日本株式　ＥＴＦ
2848,グローバルＸ　ＭＳＣＩ　気候変動対応－日本株式　ＥＴＦ
2849,グローバルＸ　Ｍｏｒｎｉｎｇｓｔａｒ　高配当　ＥＳＧ－日本株式　ＥＴＦ
2850,ＮＥＸＴ　ＦＵＮＤＳ　ＳｏｌａｃｔｉｖｅジャパンＥＳＧコア指数連動型上場投信
2851,ｉシェアーズ　ＭＳＣＩ　ジャパンＳＲＩ　ＥＴＦ
2852,ｉシェアーズ　グリーンＪリート　ＥＴＦ
2853,ｉシェアーズ　気候リスク調整世界国債　ＥＴＦ（除く日本・為替ヘッジあり）
2854,グローバルＸ　テック・トップ２０－日本株式　ＥＴＦ
2855,グローバルＸ　グリーン・Ｊ－ＲＥＩＴ　ＥＴＦ
2856,ｉシェアーズ　米国債３－７年　ＥＴＦ（為替ヘッジあり）
2857,ｉシェアーズ　ドイツ国債　ＥＴＦ（為替ヘッジあり）
2858,グローバルＸ　日経２２５　カバード・コール　ＥＴＦ（プレミアム再投資型）
2859,ＮＥＸＴ　ＦＵＮＤＳ　ユーロ・ストックス５０指数（為替ヘッジあり）連動型上場投信
2860,ＮＥＸＴ　ＦＵＮＤＳ　ドイツ株式・ＤＡＸ（為替ヘッジあり）連動型上場投信
2861,上場インデックスファンドフランス国債（為替ヘッジなし）
2862,上場インデックスファンドフランス国債（為替ヘッジあり）
2863,ＮＥＸＴ　ＦＵＮＤＳ　Ｓ＆Ｐ米国株式・債券バランス保守型指数（為替ヘッジあり）連動型上場投信
2864,グローバルＸ　ロジスティクス・ＲＥＩＴ　ＥＴＦ
2865,グローバルＸ　ＮＡＳＤＡＱ１００・カバード・コール　ＥＴＦ
2866,グローバルＸ　米国優先証券　ＥＴＦ
2867,グローバルＸ　自動運転＆ＥＶ　ＥＴＦ
2868,グローバルＸ　Ｓ＆Ｐ５００・カバード・コール　ＥＴＦ
2869,ｉＦｒｅｅＥＴＦ　ＮＡＳＤＡＱ１００レバレッジ
2870,ｉＦｒｅｅＥＴＦ　ＮＡＳＤＡＱ１００ダブルインバース
2971,エスコンジャパンリート投資法人
2972,サンケイリアルエステート投資法人
2979,ＳＯＳｉＬＡ物流リート投資法人
2989,東海道リート投資法人
3226,日本アコモデーションファンド投資法人
3234,森ヒルズリート投資法人
3249,産業ファンド投資法人
3269,アドバンス・レジデンス投資法人
3279,アクティビア・プロパティーズ投資法人
3281,ＧＬＰ投資法人
3282,コンフォリア・レジデンシャル投資法人
3283,日本プロロジスリート投資法人
3287,星野リゾート・リート投資法人
3290,Ｏｎｅリート投資法人
3292,イオンリート投資法人
3295,ヒューリックリート投資法人
3296,日本リート投資法人
3309,積水ハウス・リート投資法人
3451,トーセイ・リート投資法人
3455,ヘルスケア＆メディカル投資法人
3459,サムティ・レジデンシャル投資法人
3462,野村不動産マスターファンド投資法人
3463,いちごホテルリート投資法人
3466,ラサールロジポート投資法人
3468,スターアジア不動産投資法人
3470,マリモ地方創生リート投資法人
3471,三井不動産ロジスティクスパーク投資法人
3472,日本ホテル＆レジデンシャル投資法人
3476,投資法人みらい
3481,三菱地所物流リート投資法人
3487,ＣＲＥロジスティクスファンド投資法人
3488,ザイマックス・リート投資法人
3492,タカラレーベン不動産投資法人
3493,アドバンス・ロジスティクス投資法人
8301,日本銀行　出資証券
8421,信金中央金庫　優先出資証券
8951,日本ビルファンド投資法人
8952,ジャパンリアルエステイト投資法人
8953,日本都市ファンド投資法人
8954,オリックス不動産投資法人
8955,日本プライムリアルティ投資法人
8956,ＮＴＴ都市開発リート投資法人
8957,東急リアル・エステート投資法人
8958,グローバル・ワン不動産投資法人
8960,ユナイテッド・アーバン投資法人
8961,森トラストリート投資法人
8963,インヴィンシブル投資法人
8964,フロンティア不動産投資法人
8966,平和不動産リート投資法人
8967,日本ロジスティクスファンド投資法人
8968,福岡リート投資法人
8972,ＫＤＸ不動産投資法人
8975,いちごオフィスリート投資法人
8976,大和証券オフィス投資法人
8977,阪急阪神リート投資法人
8979,スターツプロシード投資法人
8984,大和ハウスリート投資法人
8985,ジャパン・ホテル・リート投資法人
8986,大和証券リビング投資法人
8987,ジャパンエクセレント投資法人
9282,いちごグリーンインフラ投資法人
9284,カナディアン・ソーラー・インフラ投資法人
9285,東京インフラ・エネルギー投資法人
9286,エネクス・インフラ投資法人
9287,ジャパン・インフラファンド投資法人
