コード,銘柄名,類似米国ETFティッカー
1305,ｉＦｒｅｅＥＴＦ　ＴＯＰＩＸ（年１回決算型）,EWJ
1306,ＮＥＸＴ　ＦＵＮＤＳ　ＴＯＰＩＸ連動型上場投信,EWJ
1308,上場インデックスファンドＴＯＰＩＸ,EWJ
1309,ＮＥＸＴ　ＦＵＮＤＳ　ＣｈｉｎａＡＭＣ・中国株式・上証５０連動型上場投信,ASHR
1311,ＮＥＸＴ　ＦＵＮＤＳ　ＴＯＰＩＸ　Ｃｏｒｅ　３０連動型上場投信,EWJ
1319,ＮＥＸＴ　ＦＵＮＤＳ　日経３００株価指数連動型上場投信,EWJ
1320,ｉＦｒｅｅＥＴＦ　日経２２５（年１回決算型）,NKY
1321,ＮＥＸＴ　ＦＵＮＤＳ　日経２２５連動型上場投信,NKY
1322,上場インデックスファンド中国Ａ株（パンダ）Ｅ　Ｆｕｎｄ　ＣＳＩ３００,ASHR
1324,ＮＥＸＴ　ＦＵＮＤＳ　ロシア株式指数連動型上場投信,RSX
1325,ＮＥＸＴ　ＦＵＮＤＳ　ブラジル株式指数・ボベスパ連動型上場投信,EWZ
1326,ＳＰＤＲゴールド・シェア,GLD
1328,ＮＥＸＴ　ＦＵＮＤＳ　金価格連動型上場投信,GLD
1329,ｉシェアーズ・コア　日経２２５　ＥＴＦ,NKY
1330,上場インデックスファンド２２５,NKY
133A,グローバルＸ　超短期米国債　ＥＴＦ,SHV
1343,ＮＥＸＴ　ＦＵＮＤＳ　東証ＲＥＩＴ　指数連動型上場投信,VNQ
1345,上場インデックスファンドＪリート（東証ＲＥＩＴ指数）隔月分配型,VNQ
1346,ＭＡＸＩＳ　日経２２５上場投信,NKY
1348,ＭＡＸＩＳ　トピックス上場投信,EWJ
1349,ＡＢＦ汎アジア債券インデックス・ファンド,EMB
1356,ＴＯＰＩＸベア２倍上場投信,SPXU
1357,ＮＥＸＴ　ＦＵＮＤＳ　日経平均ダブルインバース・インデックス連動型上場投信,SPXU
1358,上場インデックスファンド日経レバレッジ指数,UPRO
1360,日経平均ベア２倍上場投信,SPXU
1364,ｉシェアーズ　ＪＰＸ日経４００　ＥＴＦ,EWJ
1365,ｉＦｒｅｅＥＴＦ　日経平均レバレッジ・インデックス,UPRO
1366,ｉＦｒｅｅＥＴＦ　日経平均ダブルインバース・インデックス,SPXU
1367,ｉＦｒｅｅＥＴＦ　ＴＯＰＩＸレバレッジ（２倍）指数,UPRO
1368,ｉＦｒｅｅＥＴＦ　ＴＯＰＩＸダブルインバース（－２倍）指数,SPXU
1369,Ｏｎｅ　ＥＴＦ　日経２２５,NKY
1397,ＳＭＤＡＭ　日経２２５上場投信,NKY
1398,ＳＭＤＡＭ　東証ＲＥＩＴ指数上場投信,VNQ
1399,上場インデックスファンドＭＳＣＩ日本株高配当低ボラティリティ,HDV
140A,ｉＦｒｅｅＥＴＦ　米国１０年国債先物インバース,TBX
1456,ｉＦｒｅｅＥＴＦ　日経平均インバース・インデックス,SH
1457,ｉＦｒｅｅＥＴＦ　ＴＯＰＩＸインバース（－１倍）指数,SH
1458,楽天ＥＴＦ‐日経レバレッジ指数連動型,UPRO
1459,楽天ＥＴＦ‐日経ダブルインバース指数連動型,SPXU
1464,ｉＦｒｅｅＥＴＦ　ＪＰＸ日経４００レバレッジ・インデックス,UPRO
1465,ｉＦｒｅｅＥＴＦ　ＪＰＸ日経４００インバース・インデックス,SH
1466,ｉＦｒｅｅＥＴＦ　ＪＰＸ日経４００ダブルインバース・インデックス,SPXU
1469,ＪＰＸ日経４００ベア２倍上場投信（ダブルインバース）,SPXU
1472,ＮＥＸＴ　ＦＵＮＤＳ　ＪＰＸ日経４００ダブルインバース・インデックス連動型上場投信,SPXU
1473,Ｏｎｅ　ＥＴＦ　トピックス,EWJ
1474,Ｏｎｅ　ＥＴＦ　ＪＰＸ日経４００,EWJ
1475,ｉシェアーズ・コア　ＴＯＰＩＸ　ＥＴＦ,EWJ
1476,ｉシェアーズ・コア　Ｊリート　ＥＴＦ,VNQ
1477,ｉシェアーズ　ＭＳＣＩ　日本株最小分散　ＥＴＦ,USMV
1478,ｉシェアーズ　ＭＳＣＩ　ジャパン高配当利回り　ＥＴＦ,HDV
1479,ｉＦｒｅｅＥＴＦ　ＭＳＣＩ日本株人材設備投資指数,EWJ
1480,ＮＥＸＴ　ＦＵＮＤＳ　野村企業価値分配指数連動型上場投信,VIG
1481,上場インデックスファンド日本経済貢献株,EWJ
1482,ｉシェアーズ・コア　米国債７－１０年　ＥＴＦ（為替ヘッジあり）,IEF
1483,ｉシェアーズ　ＪＰＸ／Ｓ＆Ｐ設備・人材投資　ＥＴＦ,EWJ
1484,Ｏｎｅ　ＥＴＦ　ＪＰＸ／Ｓ＆Ｐ　設備・人材投資指数,EWJ
1485,ＭＡＸＩＳ　ＪＡＰＡＮ　設備・人材積極投資企業２００上場投信,EWJ
1486,上場インデックスファンド米国債券（為替ヘッジなし）,AGG
1487,上場インデックスファンド米国債券（為替ヘッジあり）,AGG
1488,ｉＦｒｅｅＥＴＦ　東証ＲＥＩＴ指数,VNQ
1489,ＮＥＸＴ　ＦＵＮＤＳ　日経平均高配当株５０指数連動型上場投信,HDV
1490,上場インデックスファンドＭＳＣＩ日本株高配当低ボラティリティ（βヘッジ）,USMV
1493,Ｏｎｅ　ＥＴＦ　ＪＰＸ日経中小型,IJR
1494,Ｏｎｅ　ＥＴＦ　高配当日本株,HDV
1495,上場インデックスファンドアジアリート,AAXJ
1496,ｉシェアーズ　米ドル建て投資適格社債　ＥＴＦ（為替ヘッジあり）,LQD
1497,ｉシェアーズ　米ドル建てハイイールド社債　ＥＴＦ（為替ヘッジあり）,HYG
1498,Ｏｎｅ　ＥＴＦ　ＥＳＧ,ESGU
1499,ＭＡＸＩＳ日本株高配当７０マーケットニュートラル上場投信,HDV
1540,純金上場信託（現物国内保管型）,GLD
1541,純プラチナ上場信託（現物国内保管型）,PPLT
1542,純銀上場信託（現物国内保管型）,SLV
1543,純パラジウム上場信託（現物国内保管型）,PALL
1545,ＮＥＸＴ　ＦＵＮＤＳ　ＮＡＳＤＡＱ－１００（為替ヘッジなし）連動型上場投信,QQQ
1546,ＮＥＸＴ　ＦＵＮＤＳ　ダウ・ジョーンズ工業株３０種平均株価（為替ヘッジなし）連動型上場投信,DIA
1547,上場インデックスファンド米国株式（Ｓ＆Ｐ５００）,SPY
1550,ＭＡＸＩＳ　海外株式（ＭＳＣＩコクサイ）上場投信,ACWI
1551,東証スタンダードＴＯＰ２０ＥＴＦ,EWJ
1554,上場インデックスファンド世界株式（ＭＳＣＩ　ＡＣＷＩ）除く日本,ACWX
1555,上場インデックスファンド豪州リート（Ｓ＆Ｐ／ＡＳＸ２００　Ａ－ＲＥＩＴ）,REET
1557,ＳＰＤＲ　Ｓ＆Ｐ５００　ＥＴＦ,SPY
1559,ＮＥＸＴ　ＦＵＮＤＳ　タイ株式ＳＥＴ５０指数連動型上場投信,THD
1560,ＮＥＸＴ　ＦＵＮＤＳ　ＦＴＳＥブルサ・マレーシアＫＬＣＩ連動型上場投信,EWM
1563,東証グロース・コアＥＴＦ,IJR
1566,上場インデックスファンド新興国債券,EMB
1568,ＴＯＰＩＸブル２倍上場投信,UPRO
1569,ＴＯＰＩＸベア上場投信,SH
1570,ＮＥＸＴ　ＦＵＮＤＳ　日経平均レバレッジ・インデックス連動型上場投信,UPRO
1571,ＮＥＸＴ　ＦＵＮＤＳ　日経平均インバース・インデックス連動型上場投信,SH
1572,中国Ｈ株ブル２倍上場投信,YINN
1573,中国Ｈ株ベア上場投信,YANG
1577,ＮＥＸＴ　ＦＵＮＤＳ　野村日本株高配当７０連動型上場投信,HDV
1578,上場インデックスファンド日経２２５（ミニ）,NKY
1579,日経平均ブル２倍上場投信,UPRO
1580,日経平均ベア上場投信,SH
1585,ｉＦｒｅｅＥＴＦ　ＴＯＰＩＸ　Ｅｘ－Ｆｉｎａｎｃｉａｌｓ,XLK
1586,上場インデックスファンドＴＯＰＩＸ　Ｅｘ－Ｆｉｎａｎｃｉａｌｓ,XLK
1591,ＮＥＸＴ　ＦＵＮＤＳ　ＪＰＸ日経インデックス４００連動型上場投信,EWJ
1592,上場インデックスファンドＪＰＸ日経インデックス４００,EWJ
1593,ＭＡＸＩＳ　ＪＰＸ日経インデックス４００上場投信,EWJ
1595,ＮＺＡＭ　上場投信　東証ＲＥＩＴ指数,VNQ
1596,ＮＺＡＭ　上場投信　ＴＯＰＩＸ　Ｅｘ－Ｆｉｎａｎｃｉａｌｓ,XLK
1597,ＭＡＸＩＳ　Ｊリート上場投信,VNQ
1599,ｉＦｒｅｅＥＴＦ　ＪＰＸ日経４００,EWJ
159A,ＮＥＸＴ　ＦＵＮＤＳ　ＪＰＸプライム１５０指数連動型上場投信,EWJ
1615,ＮＥＸＴ　ＦＵＮＤＳ　東証銀行業株価指数連動型上場投信,KBE
1617,ＮＥＸＴ　ＦＵＮＤＳ　食品（ＴＯＰＩＸ－１７）上場投信,XLP
1618,ＮＥＸＴ　ＦＵＮＤＳ　エネルギー資源（ＴＯＰＩＸ－１７）上場投信,XLE
1619,ＮＥＸＴ　ＦＵＮＤＳ　建設・資材（ＴＯＰＩＸ－１７）上場投信,XHB
1620,ＮＥＸＴ　ＦＵＮＤＳ　素材・化学（ＴＯＰＩＸ－１７）上場投信,XLB
1621,ＮＥＸＴ　ＦＵＮＤＳ　医薬品（ＴＯＰＩＸ－１７）上場投信,XPH
1622,ＮＥＸＴ　ＦＵＮＤＳ　自動車・輸送機（ＴＯＰＩＸ－１７）上場投信,CARZ
1623,ＮＥＸＴ　ＦＵＮＤＳ　鉄鋼・非鉄（ＴＯＰＩＸ－１７）上場投信,XME
1624,ＮＥＸＴ　ＦＵＮＤＳ　機械（ＴＯＰＩＸ－１７）上場投信,XLI
1625,ＮＥＸＴ　ＦＵＮＤＳ　電機・精密（ＴＯＰＩＸ－１７）上場投信,XLK
1626,ＮＥＸＴ　ＦＵＮＤＳ　情報通信・サービスその他（ＴＯＰＩＸ－１７）上場投信,XLC
1627,ＮＥＸＴ　ＦＵＮＤＳ　電力・ガス（ＴＯＰＩＸ－１７）上場投信,XLU
1628,ＮＥＸＴ　ＦＵＮＤＳ　運輸・物流（ＴＯＰＩＸ－１７）上場投信,IYT
1629,ＮＥＸＴ　ＦＵＮＤＳ　商社・卸売（ＴＯＰＩＸ－１７）上場投信,XLY
162A,ＡＩセレクトメガトレンド　日本株（ネットリターン）ＥＴＮ,BOTZ
1630,ＮＥＸＴ　ＦＵＮＤＳ　小売（ＴＯＰＩＸ－１７）上場投信,XRT
1631,ＮＥＸＴ　ＦＵＮＤＳ　銀行（ＴＯＰＩＸ－１７）上場投信,KBE
1632,ＮＥＸＴ　ＦＵＮＤＳ　金融（除く銀行）（ＴＯＰＩＸ－１７）上場投信,XLF
1633,ＮＥＸＴ　ＦＵＮＤＳ　不動産（ＴＯＰＩＸ－１７）上場投信,VNQ
163A,半導体フォーカス　日本株（ネットリターン）ＥＴＮ,SOXX
1651,ｉＦｒｅｅＥＴＦ　ＴＯＰＩＸ高配当４０指数,HDV
1652,ｉＦｒｅｅＥＴＦ　ＭＳＣＩ日本株女性活躍指数（ＷＩＮ）,SHE
1653,ｉＦｒｅｅＥＴＦ　ＭＳＣＩジャパンＥＳＧセレクト・リーダーズ指数,ESGU
1654,ｉＦｒｅｅＥＴＦ　ＦＴＳＥ　Ｂｌｏｓｓｏｍ　Ｊａｐａｎ　Ｉｎｄｅｘ,EWJ
1655,ｉシェアーズ　Ｓ＆Ｐ　５００　米国株　ＥＴＦ,SPY
1656,ｉシェアーズ・コア　米国債７－１０年　ＥＴＦ,IEF
1657,ｉシェアーズ・コア　ＭＳＣＩ　先進国株（除く日本）ＥＴＦ,EFA
1658,ｉシェアーズ・コア　ＭＳＣＩ　新興国株　ＥＴＦ,EEM
1659,ｉシェアーズ　米国リート　ＥＴＦ,IYR
1660,ＭＡＸＩＳ高利回りＪリート上場投信,VNQ
1671,ＷＴＩ原油価格連動型上場投信,USO
1672,ＷｉｓｄｏｍＴｒｅｅ　金上場投資信託,GLD
1673,ＷｉｓｄｏｍＴｒｅｅ　銀上場投資信託,SLV
1674,ＷｉｓｄｏｍＴｒｅｅ　白金上場投資信託,PPLT
1675,ＷｉｓｄｏｍＴｒｅｅ　パラジウム上場投資信託,PALL
1676,ＷｉｓｄｏｍＴｒｅｅ　貴金属バスケット上場投資信託,GLTR
1677,上場インデックスファンド海外債券（ＦＴＳＥ　ＷＧＢＩ）毎月分配型,BWX
1678,ＮＥＸＴ　ＦＵＮＤＳ　インド株式指数・Ｎｉｆｔｙ　５０　連動型上場投信,INDA
1679,Ｓｉｍｐｌｅ－Ｘ　ＮＹ　ダウ・ジョーンズ・インデックス上場投信,DIA
1680,上場インデックスファンド海外先進国株式（ＭＳＣＩ－ＫＯＫＵＳＡＩ）,EFA
1681,上場インデックスファンド海外新興国株式（ＭＳＣＩ　エマージング）,EEM
1684,ＷｉｓｄｏｍＴｒｅｅ　ブロード上場投資信託,DBC
1685,ＷｉｓｄｏｍＴｒｅｅ　エネルギー上場投資信託,XLE
1686,ＷｉｓｄｏｍＴｒｅｅ　産業用金属上場投資信託,XME
1687,ＷｉｓｄｏｍＴｒｅｅ　農産物上場投資信託,DBA
1688,ＷｉｓｄｏｍＴｒｅｅ　穀物上場投資信託,GRU
1689,ＷｉｓｄｏｍＴｒｅｅ　天然ガス上場投資信託,UNG
1690,ＷｉｓｄｏｍＴｒｅｅ　ＷＴＩ　原油上場投資信託,USO
1691,ＷｉｓｄｏｍＴｒｅｅ　ガソリン上場投資信託,UGA
1692,ＷｉｓｄｏｍＴｒｅｅ　アルミニウム上場投資信託,JJU
1693,ＷｉｓｄｏｍＴｒｅｅ　銅上場投資信託,CPER
1694,ＷｉｓｄｏｍＴｒｅｅ　ニッケル上場投資信託,JJN
1695,ＷｉｓｄｏｍＴｒｅｅ　小麦上場投資信託,WEAT
1696,ＷｉｓｄｏｍＴｒｅｅ　とうもろこし上場投資信託,CORN
1697,ＷｉｓｄｏｍＴｒｅｅ　大豆上場投資信託,SOYB
1698,上場インデックスファンド日本高配当（東証配当フォーカス１００）,HDV
1699,ＮＥＸＴ　ＦＵＮＤＳ　ＮＯＭＵＲＡ　原油インデックス連動型上場投信,USO
170A,ＳＭＴ　ＥＴＦ日本好配当株アクティブ,HDV
178A,グローバルＸ　革新的優良企業　ＥＴＦ,ARKK
179A,グローバルＸ　超長期米国債　ＥＴＦ（為替ヘッジあり）,TLT
180A,グローバルＸ　超長期米国債　ＥＴＦ,TLT
181A,ＭＡＸＩＳ米国国債１－３年上場投信（為替ヘッジなし）,SHY
182A,ＭＡＸＩＳ米国国債２０年超上場投信（為替ヘッジなし）,TLT
183A,ＭＡＸＩＳ米国国債２０年超上場投信（為替ヘッジあり）,TLT
188A,グローバルＸ　インド・トップ１０＋　ＥＴＦ,INDA
200A,ＮＥＸＴ　ＦＵＮＤＳ　日経半導体株指数連動型上場投信,SOXX
2011,ＳＭＤＡＭ　Ａｃｔｉｖｅ　ＥＴＦ　日本高配当株式,HDV
2012,ｉシェアーズ　米国債０－３ヶ月　ＥＴＦ,BIL
2013,ｉシェアーズ　米国高配当株　ＥＴＦ,HDV
2014,ｉシェアーズ　米国連続増配株　ＥＴＦ,NOBL
2015,ｉＦｒｅｅＥＴＦ　米国国債７－１０年（為替ヘッジなし）,IEF
2016,ｉＦｒｅｅＥＴＦ　米国国債７－１０年（為替ヘッジあり）,IEF
2017,ｉＦｒｅｅＥＴＦ　ＪＰＸプライム１５０,EWJ
2018,グローバルＸ　ＵＳ　ＲＥＩＴ・トップ２０　ＥＴＦ,VNQ
2019,グローバルＸ　米国優先証券　ＥＴＦ（隔月分配型）,PFF
201A,ｉシェアーズ　Ｎｉｆｔｙ　５０　インド株　ＥＴＦ,INDA
2031,ＮＥＸＴ　ＮＯＴＥＳ　香港ハンセン・ダブル・ブル　ＥＴＮ,YINN
2032,ＮＥＸＴ　ＮＯＴＥＳ　香港ハンセン・ベア　ＥＴＮ,YANG
2033,ＮＥＸＴ　ＮＯＴＥＳ　韓国ＫＯＳＰＩ・ダブル・ブル　ＥＴＮ,KORU
2034,ＮＥＸＴ　ＮＯＴＥＳ　韓国ＫＯＳＰＩ・ベア　ＥＴＮ,KORZ
2036,ＮＥＸＴ　ＮＯＴＥＳ　金先物　ダブル・ブル　ＥＴＮ,UGL
2037,ＮＥＸＴ　ＮＯＴＥＳ　金先物　ベア　ＥＴＮ,GLL
2038,ＮＥＸＴ　ＮＯＴＥＳ　ドバイ原油先物　ダブル・ブル　ＥＴＮ,UCO
2039,ＮＥＸＴ　ＮＯＴＥＳ　ドバイ原油先物　ベア　ＥＴＮ,SCO
2040,ＮＥＸＴ　ＮＯＴＥＳ　ＮＹダウ・ダブル・ブル・ドルヘッジ　ＥＴＮ,DDM
2041,ＮＥＸＴ　ＮＯＴＥＳ　ＮＹダウ・ベア・ドルヘッジ　ＥＴＮ,DOG
2042,ＮＥＸＴ　ＮＯＴＥＳ　東証グロース市場２５０　ＥＴＮ,IJR
2043,ＮＥＸＴ　ＮＯＴＥＳ　ＳＴＯＸＸ　アセアン好配当５０（円、ネットリターン）ＥＴＮ,ASEA
2044,ＮＥＸＴ　ＮＯＴＥＳ　Ｓ＆Ｐ５００　配当貴族（ネットリターン）　ＥＴＮ,NOBL
2045,ＮＥＸＴ　ＮＯＴＥＳ　Ｓ＆Ｐ　シンガポール　リート（ネットリターン）　ＥＴＮ,EWSS
2046,ＮＥＸＴ　ＮＯＴＥＳ　インドＮｉｆｔｙ・ダブル・ブル　ＥＴＮ,INDL
2047,ＮＥＸＴ　ＮＯＴＥＳ　インドＮｉｆｔｙ・ベア　ＥＴＮ,INDZ
2048,ＮＥＸＴ　ＮＯＴＥＳ　野村日本株高配当７０（ドルヘッジ、ネットリターン）ＥＴＮ,HDV
2050,ＮＥＸＴ　ＮＯＴＥＳ　ニッチトップ　中小型日本株（ネットリターン）ＥＴＮ,SCJ
2065,ＮＥＸＴ　ＮＯＴＥＳ　日本株配当貴族（ドルヘッジ、ネットリターン）ＥＴＮ,NOBL
2066,ＮＥＸＴ　ＮＯＴＥＳ　東証ＲＥＩＴ（ドルヘッジ、ネットリターン）ＥＴＮ,VNQ
2067,ＮＥＸＴ　ＮＯＴＥＳ　野村ＡＩビジネス７０（ネットリターン）ＥＴＮ,BOTZ
2068,ＮＥＸＴ　ＮＯＴＥＳ　高ベータ３０（ネットリターン）ＥＴＮ,SPHB
2069,ＮＥＸＴ　ＮＯＴＥＳ　低ベータ５０（ネットリターン）ＥＴＮ,USMV
2070,スマートＥＳＧ３０女性活躍（ネットリターン）ＥＴＮ,SHE
2071,スマートＥＳＧ３０総合（ネットリターン）ＥＴＮ,ESGU
2072,トップシェアインデックス（ネットリターン）ＥＴＮ,MTUM
2073,スマートＥＳＧ３０低カーボンリスク（ネットリターン）ＥＴＮ,CRBN
2080,ＰＢＲ１倍割れ解消推進ＥＴＦ,VLUE
2081,政策保有解消推進ＥＴＦ,QUAL
2082,投資家経営者一心同体ＥＴＦ,QUAL
2083,ＮＥＸＴ　ＦＵＮＤＳ　日本成長株アクティブ上場投信,MTUM
2084,ＮＥＸＴ　ＦＵＮＤＳ　日本高配当株アクティブ上場投信,HDV
2085,ＭＡＸＩＳ高配当日本株アクティブ上場投信,HDV
2086,ＮＺＡＭ　上場投信　Ｓ＆Ｐ５００（為替ヘッジあり）,HSPX
2087,ＮＺＡＭ　上場投信　ＮＡＳＤＡＱ１００（為替ヘッジあり）,HNDQ
2088,ＮＺＡＭ　上場投信　ＮＹダウ３０（為替ヘッジあり）,HDGE
2089,ＮＺＡＭ　上場投信　ＤＡＸ（為替ヘッジあり）,DAX
2090,ＮＺＡＭ　上場投信　米国国債７－１０年（為替ヘッジあり）,IEF
2091,ＮＺＡＭ　上場投信　ドイツ国債７－１０年（為替ヘッジあり）,GGOV
2092,ＮＺＡＭ　上場投信　フランス国債７－１０年（為替ヘッジあり）,EFGC
2093,上場Ｔｒａｃｅｒｓ　米国債０－２年ラダー（為替ヘッジなし）,SHY
2094,東証ＲＥＩＴインバースＥＴＦ,SRS
2095,グローバルＸ　Ｓ＆Ｐ５００配当貴族　ＥＴＦ（為替ヘッジあり）,NOBL
2096,グローバルＸ　オフィス・Ｊ－ＲＥＩＴ　ＥＴＦ,VNQ
2097,グローバルＸ　レジデンシャル・Ｊ－ＲＥＩＴ　ＥＴＦ,VNQ
2098,グローバルＸ　ホテル＆リテール・Ｊ－ＲＥＩＴ　ＥＴＦ,VNQ
210A,ｉＦｒｅｅＥＴＦ　日経高利回りＲＥＩＴ指数,VNQ
213A,上場インデックスファンド日経半導体株,SOXX
221A,ＭＡＸＩＳ日経半導体株上場投信,SOXX
2235,上場インデックスファンド米国株式（ダウ平均）為替ヘッジなし,DIA
2236,グローバルＸ　Ｓ＆Ｐ５００配当貴族ＥＴＦ,NOBL
2237,ｉＦｒｅｅＥＴＦ　Ｓ＆Ｐ５００レバレッジ,UPRO
2238,ｉＦｒｅｅＥＴＦ　Ｓ＆Ｐ５００インバース,SH
2239,上場インデックスファンドＳ＆Ｐ５００先物レバレッジ２倍,UPRO
223A,グローバルＸ　ＡＩ＆ビッグデータ　ＥＴＦ,AIQ
2240,上場インデックスファンドＳ＆Ｐ５００先物インバース,SH
2241,ＭＡＸＩＳ　ＮＹダウ上場投信,DIA
2242,ＭＡＸＩＳ　ＮＹダウ上場投信（為替ヘッジあり）,HDGE
2243,グローバルＸ　半導体　ＥＴＦ,SOXX
2244,グローバルＸ　ＵＳ　テック・トップ２０　ＥＴＦ,VGT
2245,ＮＥＸＴ　ＦＵＮＤＳ　ブルームバーグ・ドイツ国債（７－１０年）インデックス（為替ヘッジあり）連動型上場投信,GGOV
2246,ＮＥＸＴ　ＦＵＮＤＳ　ブルームバーグ・フランス国債（７－１０年）インデックス（為替ヘッジあり）連動型上場投信,EFGC
2247,ｉＦｒｅｅＥＴＦ　Ｓ＆Ｐ５００（為替ヘッジなし）,SPY
2248,ｉＦｒｅｅＥＴＦ　Ｓ＆Ｐ５００（為替ヘッジあり）,HSPX
2249,ｉＦｒｅｅＥＴＦ　Ｓ＆Ｐ５００ダブルインバース,SDS
2250,ｉシェアーズ　ＭＳＣＩ　ジャパン気候変動アクション　ＥＴＦ,CRBN
2251,ＮＥＸＴ　ＦＵＮＤＳ　ＪＰＸ国債先物ダブルインバース指数連動型上場投信,TBT
2252,グローバルＸ　Ｍｏｒｎｉｎｇｓｔａｒ　米国中小型　Ｍｏａｔ　ＥＴＦ,SMOT
2253,グローバルＸ　スーパーディビィデンド－ＵＳ　ＥＴＦ,DIV
2254,グローバルＸ　チャイナＥＶ＆バッテリー　ＥＴＦ,KARS
2255,ｉシェアーズ　米国債２０年超　ＥＴＦ,TLT
2256,ｉシェアーズ　米国総合債券　ＥＴＦ,AGG
2257,ｉシェアーズ　米ドル建て投資適格社債　ＥＴＦ,LQD
2258,ｉシェアーズ　米ドル建てハイイールド社債　ＥＴＦ,HYG
2259,ｉシェアーズ　フランス国債７－１０年　ＥＴＦ（為替ヘッジあり）,EFGC
233A,ｉＦｒｅｅＥＴＦ　インドＮｉｆｔｙ５０,INDY
234A,グローバルＸ　ＭＳＣＩ　キャッシュフローキング－日本株式　ＥＴＦ,EWJ
235A,グローバルＸ　高配当３０－日本株式　ＥＴＦ,DXJ
236A,ｉシェアーズ　日本国債７－１０年　ＥＴＦ,JGBL
237A,ｉシェアーズ　米国債２５年超　ロングデュレーション　ＥＴＦ,EDV
238A,ｉシェアーズ　米国債２５年超　ロングデュレーション　ＥＴＦ（為替ヘッジあり）,EDV
2510,ＮＥＸＴ　ＦＵＮＤＳ　国内債券・ＮＯＭＵＲＡ－ＢＰＩ総合連動型上場投信,AGG
2511,ＮＥＸＴ　ＦＵＮＤＳ　外国債券・ＦＴＳＥ世界国債インデックス（除く日本・為替ヘッジなし）連動型上場投信,IGOV
2512,ＮＥＸＴ　ＦＵＮＤＳ　外国債券・ＦＴＳＥ世界国債インデックス（除く日本・為替ヘッジあり）連動型上場投信,IGOV
2513,ＮＥＸＴ　ＦＵＮＤＳ　外国株式・ＭＳＣＩ－ＫＯＫＵＳＡＩ指数（為替ヘッジなし）連動型上場投信,ACWI
2514,ＮＥＸＴ　ＦＵＮＤＳ　外国株式・ＭＳＣＩ－ＫＯＫＵＳＡＩ指数（為替ヘッジあり）連動型上場投信,ACWI
2515,ＮＥＸＴ　ＦＵＮＤＳ　外国ＲＥＩＴ・Ｓ＆Ｐ先進国ＲＥＩＴ指数（除く日本・為替ヘッジなし）連動型上場投信,RWX
2516,東証グロース２５０ＥＴＦ,IJT
2517,ＭＡＸＩＳ　Ｊリート・コア上場投信,VNQ
2518,ＮＥＸＴ　ＦＵＮＤＳ　ＭＳＣＩ日本株女性活躍指数（セレクト）連動型上場投信,SHE
2519,ＮＥＸＴ　ＦＵＮＤＳ　新興国債券・Ｊ．Ｐ．モルガン・エマージング・マーケット・ボンド・インデックス・プラス（為替ヘッジなし）連動型上場投信,EMB
2520,ＮＥＸＴ　ＦＵＮＤＳ　新興国株式・ＭＳＣＩエマージング・マーケット・インデックス（為替ヘッジなし）連動型上場投信,EEM
2521,上場インデックスファンド米国株式（Ｓ＆Ｐ５００）為替ヘッジあり,HSPX
2522,ｉシェアーズ　オートメーション　＆　ロボット　ＥＴＦ,BOTZ
2523,ＭＡＸＩＳトピックス（除く金融）上場投信,XLK
2524,ＮＺＡＭ　上場投信　ＴＯＰＩＸ,EWJ
2525,ＮＺＡＭ　上場投信　日経２２５,NKY
2526,ＮＺＡＭ　上場投信　ＪＰＸ日経４００,EWJ
2527,ＮＺＡＭ　上場投信　東証ＲＥＩＴ　Ｃｏｒｅ指数,VNQ
2528,ｉＦｒｅｅＥＴＦ　東証ＲＥＩＴ　Ｃｏｒｅ指数,VNQ
2529,ＮＥＸＴ　ＦＵＮＤＳ　野村株主還元７０連動型上場投信,VYM
2530,ＭＡＸＩＳ　ＨｕａＡｎ中国株式（上海１８０Ａ株）上場投信,FXI
2552,上場インデックスファンドＪリート（東証ＲＥＩＴ指数）隔月分配型（ミニ）,VNQ
2553,Ｏｎｅ　ＥＴＦ　南方　中国Ａ株　ＣＳＩ５００,ASHR
2554,ＮＥＸＴ　ＦＵＮＤＳ　ブルームバーグ米国投資適格社債（１－１０年）インデックス（為替ヘッジあり）連動型上場投信,LQD
2555,東証ＲＥＩＴ　ＥＴＦ,VNQ
2556,Ｏｎｅ　ＥＴＦ　東証ＲＥＩＴ指数,VNQ
2557,ＳＭＤＡＭ　トピックス上場投信,EWJ
2558,ＭＡＸＩＳ米国株式（Ｓ＆Ｐ５００）上場投信,SPY
2559,ＭＡＸＩＳ全世界株式（オール・カントリー）上場投信,ACWI
2560,ＭＡＸＩＳカーボン・エフィシェント日本株上場投信,CRBN
2561,ｉシェアーズ・コア　日本国債　ＥＴＦ,JGBL
2562,上場インデックスファンド米国株式（ダウ平均）為替ヘッジあり,HDGE
2563,ｉシェアーズ　Ｓ＆Ｐ　５００　米国株　ＥＴＦ（為替ヘッジあり）,HSPX
2564,グローバルＸ　ＭＳＣＩスーパーディビィデンド－日本株式　ＥＴＦ,DXJ
2565,グローバルＸ　ロジスティクス・Ｊ－ＲＥＩＴ　ＥＴＦ,VNQ
2566,上場インデックスファンド日経ＥＳＧリート,REET
2567,ＮＺＡＭ　上場投信　Ｓ＆Ｐ／ＪＰＸカーボン・エフィシェント指数,CRBN
2568,上場インデックスファンド米国株式（ＮＡＳＤＡＱ１００）為替ヘッジなし,QQQ
2569,上場インデックスファンド米国株式（ＮＡＳＤＡＱ１００）為替ヘッジあり,HNDQ
2620,ｉシェアーズ　米国債１－３年　ＥＴＦ,SHY
2621,ｉシェアーズ　米国債２０年超　ＥＴＦ（為替ヘッジあり）,TLT
2622,ｉシェアーズ　米ドル建て新興国債券　ＥＴＦ（為替ヘッジあり）,EMB
2623,ｉシェアーズ　ユーロ建て投資適格社債　ＥＴＦ（為替ヘッジあり）,IEUR
2624,ｉＦｒｅｅＥＴＦ　日経２２５（年４回決算型）,NKY
2625,ｉＦｒｅｅＥＴＦ　ＴＯＰＩＸ（年４回決算型）,EWJ
2626,グローバルＸ　デジタル・イノベーション－日本株式　ＥＴＦ,SOCL
2627,グローバルＸ　ｅコマース－日本株式　ＥＴＦ,EBIZ
2628,ｉＦｒｅｅＥＴＦ　中国科創板５０（ＳＴＡＲ５０）,KFYP
2629,ｉＦｒｅｅＥＴＦ　中国グレーターベイエリア・イノベーション１００（ＧＢＡ１００）,FLCH
2630,ＭＡＸＩＳ米国株式（Ｓ＆Ｐ５００）上場投信（為替ヘッジあり）,HSPX
2631,ＭＡＸＩＳナスダック１００上場投信,QQQ
2632,ＭＡＸＩＳナスダック１００上場投信（為替ヘッジあり）,HNDQ
2633,ＮＥＸＴ　ＦＵＮＤＳ　Ｓ＆Ｐ　５００　指数（為替ヘッジなし）連動型上場投信,SPY
2634,ＮＥＸＴ　ＦＵＮＤＳ　Ｓ＆Ｐ　５００　指数（為替ヘッジあり）連動型上場投信,HSPX
2635,ＮＥＸＴ　ＦＵＮＤＳ　Ｓ＆Ｐ　５００　ＥＳＧ指数連動型上場投信,EFIV
2636,グローバルＸ　ＭＳＣＩ　ガバナンス・クオリティ－日本株式　ＥＴＦ,GOVC
2637,グローバルＸ　クリーンテック－日本株式　ＥＴＦ,CTEC
2638,グローバルＸ　ロボティクス＆ＡＩ－日本株式　ＥＴＦ,BOTZ
2639,グローバルＸ　バイオ＆メドテック－日本株式　ＥＴＦ,XBI
2640,グローバルＸ　ゲーム＆アニメ－日本株式　ＥＴＦ,HERO
2641,グローバルＸ　グローバルリーダーズ－日本株式　ＥＴＦ,GXTG
2642,ＳＭＴ　ＥＴＦカーボン・エフィシェント日本株,CRBN
2643,ＮＥＸＴ　ＦＵＮＤＳ　ＭＳＣＩジャパンカントリーＥＳＧリーダーズ指数連動型上場投信,ESGU
2644,グローバルＸ　半導体関連－日本株式　ＥＴＦ,SOXX
2645,グローバルＸ　レジャー＆エンターテインメント－日本株式　ＥＴＦ,PEJ
2646,グローバルＸ　メタルビジネス－日本株式　ＥＴＦ,XME
2647,ＮＥＸＴ　ＦＵＮＤＳ　ブルームバーグ米国国債（７－１０年）インデックス（為替ヘッジなし）連動型上場投信,IEF
2648,ＮＥＸＴ　ＦＵＮＤＳ　ブルームバーグ米国国債（７－１０年）インデックス（為替ヘッジあり）連動型上場投信,IEF
2649,ｉシェアーズ　米国政府系機関ジニーメイＭＢＳ　ＥＴＦ（為替ヘッジあり）,MBB
2836,グローバルＸ　フィンテック－日本株式　ＥＴＦ,FINX
2837,グローバルＸ　中小型リーダーズ－日本株式　ＥＴＦ,IJR
2838,ＭＡＸＩＳ米国国債７－１０年上場投信（為替ヘッジなし）,IEF
2839,ＭＡＸＩＳ米国国債７－１０年上場投信（為替ヘッジあり）,IEF
2840,ｉＦｒｅｅＥＴＦ　ＮＡＳＤＡＱ１００（為替ヘッジなし）,QQQ
2841,ｉＦｒｅｅＥＴＦ　ＮＡＳＤＡＱ１００（為替ヘッジあり）,HNDQ
2842,ｉＦｒｅｅＥＴＦ　ＮＡＳＤＡＱ１００インバース,PSQ
2843,上場インデックスファンド豪州国債（為替ヘッジあり）,AUNZ
2844,上場インデックスファンド豪州国債（為替ヘッジなし）,AUNZ
2845,ＮＥＸＴ　ＦＵＮＤＳ　ＮＡＳＤＡＱ－１００（為替ヘッジあり）連動型上場投信,HNDQ
2846,ＮＥＸＴ　ＦＵＮＤＳ　ダウ・ジョーンズ工業株３０種平均株価（為替ヘッジあり）連動型上場投信,HDGE
2847,グローバルＸ　新成長インフラ－日本株式　ＥＴＦ,PAVE
2848,グローバルＸ　ＭＳＣＩ　気候変動対応－日本株式　ＥＴＦ,CLMA
2849,グローバルＸ　Ｍｏｒｎｉｎｇｓｔａｒ　高配当　ＥＳＧ－日本株式　ＥＴＦ,ESGY
2850,ＮＥＸＴ　ＦＵＮＤＳ　ＳｏｌａｃｔｉｖｅジャパンＥＳＧコア指数連動型上場投信,ESGU
2851,ｉシェアーズ　ＭＳＣＩ　ジャパンＳＲＩ　ＥＴＦ,DSI
2852,ｉシェアーズ　グリーンＪリート　ＥＴＦ,REET
2853,ｉシェアーズ　気候リスク調整世界国債　ＥＴＦ（除く日本・為替ヘッジあり）,CRBN
2854,グローバルＸ　テック・トップ２０－日本株式　ＥＴＦ,VGT
2855,グローバルＸ　グリーン・Ｊ－ＲＥＩＴ　ＥＴＦ,REET
2856,ｉシェアーズ　米国債３－７年　ＥＴＦ（為替ヘッジあり）,IEI
2857,ｉシェアーズ　ドイツ国債　ＥＴＦ（為替ヘッジあり）,GGOV
2858,グローバルＸ　日経２２５　カバード・コール　ＥＴＦ（プレミアム再投資型）,QYLD
2859,ＮＥＸＴ　ＦＵＮＤＳ　ユーロ・ストックス５０指数（為替ヘッジあり）連動型上場投信,FEZ
2860,ＮＥＸＴ　ＦＵＮＤＳ　ドイツ株式・ＤＡＸ（為替ヘッジあり）連動型上場投信,DAX
2861,上場インデックスファンドフランス国債（為替ヘッジなし）,EFGC
2862,上場インデックスファンドフランス国債（為替ヘッジあり）,EFGC
2863,ＮＥＸＴ　ＦＵＮＤＳ　Ｓ＆Ｐ米国株式・債券バランス保守型指数（為替ヘッジあり）連動型上場投信,AOK
2864,グローバルＸ　ロジスティクス・ＲＥＩＴ　ＥＴＦ,VNQ
2865,グローバルＸ　ＮＡＳＤＡＱ１００・カバード・コール　ＥＴＦ,QYLD
2866,グローバルＸ　米国優先証券　ＥＴＦ,PFF
2867,グローバルＸ　自動運転＆ＥＶ　ＥＴＦ,DRIV
2868,グローバルＸ　Ｓ＆Ｐ５００・カバード・コール　ＥＴＦ,XYLD
2869,ｉＦｒｅｅＥＴＦ　ＮＡＳＤＡＱ１００レバレッジ,TQQQ
2870,ｉＦｒｅｅＥＴＦ　ＮＡＳＤＡＱ１００ダブルインバース,SQQQ
2971,エスコンジャパンリート投資法人,VNQ
2972,サンケイリアルエステート投資法人,VNQ
2979,ＳＯＳｉＬＡ物流リート投資法人,VNQ
2989,東海道リート投資法人,VNQ
3226,日本アコモデーションファンド投資法人,VNQ
3234,森ヒルズリート投資法人,VNQ
3249,産業ファンド投資法人,VNQ
3269,アドバンス・レジデンス投資法人,VNQ
3279,アクティビア・プロパティーズ投資法人,VNQ
3281,ＧＬＰ投資法人,VNQ
3282,コンフォリア・レジデンシャル投資法人,VNQ
3283,日本プロロジスリート投資法人,VNQ
3287,星野リゾート・リート投資法人,VNQ
3290,Ｏｎｅリート投資法人,VNQ
3292,イオンリート投資法人,VNQ
3295,ヒューリックリート投資法人,VNQ
3296,日本リート投資法人,VNQ
3309,積水ハウス・リート投資法人,VNQ
3451,トーセイ・リート投資法人,VNQ
3455,ヘルスケア＆メディカル投資法人,VNQ
3459,サムティ・レジデンシャル投資法人,VNQ
3462,野村不動産マスターファンド投資法人,VNQ
3463,いちごホテルリート投資法人,VNQ
3466,ラサールロジポート投資法人,VNQ
3468,スターアジア不動産投資法人,VNQ
3470,マリモ地方創生リート投資法人,VNQ
3471,三井不動産ロジスティクスパーク投資法人,VNQ
3472,日本ホテル＆レジデンシャル投資法人,VNQ
3476,投資法人みらい,VNQ
3481,三菱地所物流リート投資法人,VNQ
3487,ＣＲＥロジスティクスファンド投資法人,VNQ
3488,ザイマックス・リート投資法人,VNQ
3492,タカラレーベン不動産投資法人,VNQ
3493,アドバンス・ロジスティクス投資法人,VNQ
8301,日本銀行　出資証券,N/A
8421,信金中央金庫　優先出資証券,N/A
8951,日本ビルファンド投資法人,VNQ
8952,ジャパンリアルエステイト投資法人,VNQ
8953,日本都市ファンド投資法人,VNQ
8954,オリックス不動産投資法人,VNQ
8955,日本プライムリアルティ投資法人,VNQ
8956,ＮＴＴ都市開発リート投資法人,VNQ
8957,東急リアル・エステート投資法人,VNQ
8958,グローバル・ワン不動産投資法人,VNQ
8960,ユナイテッド・アーバン投資法人,VNQ
8961,森トラストリート投資法人,VNQ
8963,インヴィンシブル投資法人,VNQ
8964,フロンティア不動産投資法人,VNQ
8966,平和不動産リート投資法人,VNQ
8967,日本ロジスティクスファンド投資法人,VNQ
8968,福岡リート投資法人,VNQ
8972,ＫＤＸ不動産投資法人,VNQ
8975,いちごオフィスリート投資法人,VNQ
8976,大和証券オフィス投資法人,VNQ
8977,阪急阪神リート投資法人,VNQ
8979,スターツプロシード投資法人,VNQ
8984,大和ハウスリート投資法人,VNQ
8985,ジャパン・ホテル・リート投資法人,VNQ
8986,大和証券リビング投資法人,VNQ
8987,ジャパンエクセレント投資法人,VNQ
9282,いちごグリーンインフラ投資法人,TAN
9284,カナディアン・ソーラー・インフラ投資法人,TAN
9285,東京インフラ・エネルギー投資法人,TAN
9286,エネクス・インフラ投資法人,TAN
9287,ジャパン・インフラファンド投資法人,TAN